Convergence,Shear,Smooth_matter_fraction(alpha),Mapsize(Er),Numberofpixels,Lens_mass_function_power,Minmass,Maxmass,name_obj,image
0.562438,0.5623692,0.2,30,1300.0,0.01,0.299,0.3,SDSS1011+0143,B
3.308767,3.306771,0.2,30,1000.0,0.01,0.299,0.3,B1030+074,B
0.463302,0.4632553,0.2,30,1300.0,0.01,0.299,0.3,SDSS1011+0143,A
0.3777135,0.4649225,0.2,30,1100.0,0.01,0.299,0.3,DESJ0405-3308,C
0.4156316,0.5955456,0.2,30,600.0,0.01,0.299,0.3,B2045+265,B
0.6836944,0.6045298,0.2,30,1100.0,0.01,0.299,0.3,DESJ0405-3308,D
0.2407036,0.2406799,0.2,30,1100.0,0.01,0.299,0.3,J0102+2445,A
0.6423763,0.6387947,0.2,30,1100.0,0.01,0.299,0.3,WFIJ2026-4536A,2
0.4121783,0.4121082,0.2,30,2300.0,0.01,0.299,0.3,DES03xx-44xx,B
0.4575854,0.457544,0.2,30,1000.0,0.01,0.299,0.3,DESJ0408-5354,A
0.2854602,0.2854066,0.2,30,700.0,0.01,0.299,0.3,ULASJ2343-0050,B
0.8409959,0.9629846,0.2,30,1100.0,0.01,0.299,0.3,SDSSJ1412+5204,B
0.2982966,0.2982719,0.2,30,1100.0,0.01,0.299,0.3,SDSSJ1620+1203,A
0.466964,0.6343025,0.2,30,1200.0,0.01,0.299,0.3,B1422+231,B
0.9899274,1.333726,0.2,30,1000.0,0.01,0.299,0.3,PSJ0030-1525,B
0.7034961,0.703264,0.2,30,1100.0,0.01,0.299,0.3,J0228+3953,B
0.3030466,0.3029988,0.2,30,800.0,0.01,0.299,0.3,J1004+1229,A
0.3644183,0.3643888,0.2,30,1100.0,0.01,0.299,0.3,J0150-4041,A
0.5050768,0.6601832,0.2,30,900.0,0.01,0.299,0.3,WFI2033-4723A,2
1.442401,1.038963,0.2,30,1200.0,0.01,0.299,0.3,J0343-2828,C
0.2449913,0.2449702,0.2,30,1000.0,0.01,0.299,0.3,J0259-2338,A
0.2340893,0.3099356,0.2,30,900.0,0.01,0.299,0.3,PMNJ0134-0931,C
2.324685,2.322458,0.2,30,1700.0,0.01,0.299,0.3,SDSSJ1155+6346,B
0.8650453,0.8646406,0.2,30,1000.0,0.01,0.299,0.3,SDSSJ0806+2006,B
0.7529947,0.3591367,0.2,30,1100.0,0.01,0.299,0.3,J2205-3727,B
0.5811363,0.5809077,0.2,30,1100.0,0.01,0.299,0.3,SDSSJ0746+4403,B
0.5985709,0.5983953,0.2,30,900.0,0.01,0.299,0.3,WISE2304-2214,A
0.821433,0.8212229,0.2,30,1100.0,0.01,0.299,0.3,J1623+7533,B
0.6819457,0.6816421,0.2,30,700.0,0.01,0.299,0.3,ULASJ2343-0050,A
0.839892,0.8396522,0.2,30,1100.0,0.01,0.299,0.3,J2332-1852,B
0.2732829,0.2732578,0.2,30,1100.0,0.01,0.299,0.3,SDSS0903+5028,A
0.360036,0.3599981,0.2,30,1200.0,0.01,0.299,0.3,SDSSJ1433+6007,C
0.3694924,0.2727142,0.2,30,1200.0,0.01,0.299,0.3,J0343-2828,B
0.3848301,0.3846776,0.2,30,1100.0,0.01,0.299,0.3,SDSSJ1128+2402,B
0.3141503,0.314119,0.2,30,1200.0,0.01,0.299,0.3,SDSS1001+5027,A
0.5518594,0.551758,0.2,30,900.0,0.01,0.299,0.3,HE1104-1805,A
0.9514076,2.378229,0.2,30,900.0,0.01,0.299,0.3,HST12531-2914,D
0.3346164,0.3345753,0.2,30,700.0,0.01,0.299,0.3,SDSSJ0832+0404,A
1.184389,1.183513,0.2,30,1500.0,0.01,0.299,0.3,FBQ0951+2635,B
0.7659018,0.7326792,0.2,30,800.0,0.01,0.299,0.3,OGLEJ0218-7335,B
0.4085866,0.4526199,0.2,30,1100.0,0.01,0.299,0.3,J2349-4518,A
0.6797964,0.6797495,0.2,30,900.0,0.01,0.299,0.3,GraLJ165105.3-041725,B
0.9916852,0.04532055,0.2,30,800.0,0.01,0.299,0.3,J0029-3814,D
0.9999022,0.9993383,0.2,30,1600.0,0.01,0.299,0.3,SDSSJ1353+1138,B
0.5963321,0.5962461,0.2,30,1100.0,0.01,0.299,0.3,J0013+5119,B
0.3298374,0.3297799,0.2,30,1000.0,0.01,0.299,0.3,B0445+123,A
0.5363677,0.5362208,0.2,30,1100.0,0.01,0.299,0.3,J1949+7732,A
0.3413046,0.3412644,0.2,30,1100.0,0.01,0.299,0.3,J1710+4332,A
1.484018,2.168958,0.2,30,1100.0,0.01,0.299,0.3,DESJ0530-3730,A
0.4480865,0.4480043,0.2,30,1100.0,0.01,0.299,0.3,A2213-2652,A
0.3171766,0.3171467,0.2,30,1500.0,0.01,0.299,0.3,PSJ0840+3550,A
0.3960394,0.3917697,0.2,30,900.0,0.01,0.299,0.3,BRI0952-0115,A
0.6187818,0.6773153,0.2,30,900.0,0.01,0.299,0.3,RXJ0911+0551,C
0.4315717,0.4314745,0.2,30,1100.0,0.01,0.299,0.3,J1949+7732,B
0.6177493,0.5423474,0.2,30,900.0,0.01,0.299,0.3,J0659+1629,C
0.7154651,0.7153223,0.2,30,1200.0,0.01,0.299,0.3,SDSS1001+5027,B
1.042887,1.042567,0.2,30,1500.0,0.01,0.299,0.3,PSJ0840+3550,B
1.232974,1.232258,0.2,30,1100.0,0.01,0.299,0.3,HE2149-2745,B
0.7420808,0.6589071,0.2,30,1100.0,0.01,0.299,0.3,DESJ0405-3308,B
0.3954551,0.459799,0.2,30,900.0,0.01,0.299,0.3,J1131-4419,B
0.7497631,0.826951,0.2,30,1100.0,0.01,0.299,0.3,SDSSJ1304+2001,B
0.4374421,0.4373531,0.2,30,1300.0,0.01,0.299,0.3,SDSSJ1254+2235,A
0.7375245,0.7373175,0.2,30,1100.0,0.01,0.299,0.3,J2132+2603,B
0.5305205,0.6081877,0.2,30,900.0,0.01,0.299,0.3,J0659+1629,A
0.2263168,0.1617139,0.2,30,1100.0,0.01,0.299,0.3,HST14113+5211,A
0.6946495,0.6945083,0.2,30,1100.0,0.01,0.299,0.3,J0203+1612,B
0.2586259,0.2994026,0.2,30,800.0,0.01,0.299,0.3,HST14176+5226,A
0.4984056,0.4982657,0.2,30,1000.0,0.01,0.299,0.3,COSMOS5921+0638,A
0.1410884,0.6816962,0.2,30,1200.0,0.01,0.299,0.3,J1817+2729,C
1.076066,1.07564,0.2,30,1100.0,0.01,0.299,0.3,FBQ1633+3134,B
0.2938408,0.2938085,0.2,30,1100.0,0.01,0.299,0.3,KIDS2307-3039,A
0.4402876,0.6764325,0.2,30,1100.0,0.01,0.299,0.3,DESJ0530-3730,C
0.6467507,0.6465805,0.2,30,1000.0,0.01,0.299,0.3,WGA0235-2433,A
0.4453378,0.4453204,0.2,30,700.0,0.01,0.299,0.3,SDSSJ1320+1644,A
0.3672703,0.3672522,0.2,30,1300.0,0.01,0.299,0.3,J0941+0518,A
0.4729047,0.5702689,0.2,30,800.0,0.01,0.299,0.3,MG0414+0534A,2
0.4084033,0.449592,0.2,30,1100.0,0.01,0.299,0.3,SDSSJ1304+2001,A
0.569206,0.5970478,0.2,30,800.0,0.01,0.299,0.3,WISEJ0259-1635,A
0.4960184,0.4958547,0.2,30,1200.0,0.01,0.299,0.3,SDSSJ1021+4913,B
0.4126711,0.5751635,0.2,30,600.0,0.01,0.299,0.3,B2045+265,A
0.7155107,0.7149836,0.2,30,1100.0,0.01,0.299,0.3,SDSSJ1128+2402,A
0.6442316,0.6441606,0.2,30,1100.0,0.01,0.299,0.3,HE0435-1223,B
0.4615091,0.4119925,0.2,30,800.0,0.01,0.299,0.3,WISEJ0259-1635,D
0.4565035,0.4564561,0.2,30,1000.0,0.01,0.299,0.3,PSJ0147+4630,B
0.2370012,0.2369816,0.2,30,1000.0,0.01,0.299,0.3,SDSSJ0946+1835,A
1.250396,1.249724,0.2,30,1100.0,0.01,0.299,0.3,J2250+2117,B
0.8632834,0.8626866,0.2,30,1100.0,0.01,0.299,0.3,J0246-1845,B
0.7878626,0.7876122,0.2,30,1000.0,0.01,0.299,0.3,PSJ0417+3325,A
0.7954464,0.629515,0.2,30,1400.0,0.01,0.299,0.3,PG1115+080,B
0.21491,0.5335534,0.2,30,800.0,0.01,0.299,0.3,HE1113-0641,A
0.3547476,0.3547021,0.2,30,1100.0,0.01,0.299,0.3,J1238+2846,A
1.429567,1.428232,0.2,30,1800.0,0.01,0.299,0.3,SDSSJ1313+5151,B
0.4155595,0.4154614,0.2,30,1700.0,0.01,0.299,0.3,SDSSJ0904+1512,A
0.3854618,0.3854032,0.2,30,1100.0,0.01,0.299,0.3,HE0435-1223,C
0.6379339,0.637801,0.2,30,900.0,0.01,0.299,0.3,SDSSJ1400+3134,B
0.3207296,0.3107734,0.2,30,900.0,0.01,0.299,0.3,J0659+1629,B
1.135508,1.13505,0.2,30,1000.0,0.01,0.299,0.3,B0445+123,B
0.5545978,0.5544787,0.2,30,1100.0,0.01,0.299,0.3,J1508+3844,A
0.2683092,0.2682737,0.2,30,900.0,0.01,0.299,0.3,WISE2304-2214,B
0.2783823,0.2782753,0.2,30,1100.0,0.01,0.299,0.3,FBQ1633+3134,A
0.4691928,0.8750555,0.2,30,1500.0,0.01,0.299,0.3,WG0214-2105,D
0.9724503,0.9717905,0.2,30,1200.0,0.01,0.299,0.3,SDSSJ1055+4628,B
0.4851918,0.4846796,0.2,30,1100.0,0.01,0.299,0.3,HE0013-2542,A
1.002201,1.001655,0.2,30,1100.0,0.01,0.299,0.3,SDSSJ1650+4251,A
0.2726726,0.2726126,0.2,30,1100.0,0.01,0.299,0.3,PMNJ1838-3427,A
0.4980681,0.4978759,0.2,30,1200.0,0.01,0.299,0.3,CY2201-3201,B
0.8230604,0.9248362,0.2,30,1100.0,0.01,0.299,0.3,J2145+6345,B
0.365337,0.4353914,0.2,30,1200.0,0.01,0.299,0.3,SDSSJ1330+1810,D
0.6201711,0.9324981,0.2,30,1100.0,0.01,0.299,0.3,2M1134-2103,B
0.3609968,0.3608727,0.2,30,1000.0,0.01,0.299,0.3,SDSSJ1334+3315,B
0.9623722,0.01008832,0.2,30,800.0,0.01,0.299,0.3,J0029-3814,C
1.193218,1.191085,0.2,30,1100.0,0.01,0.299,0.3,B0739+366,B
1.853768,2.020615,0.2,30,1200.0,0.01,0.299,0.3,B1422+231,D
0.5017396,0.4659721,0.2,30,1400.0,0.01,0.299,0.3,2M1310-1714,B
0.3677424,0.3677015,0.2,30,1200.0,0.01,0.299,0.3,VDESJ2325-5229,B
0.7449584,1.060561,0.2,30,1100.0,0.01,0.299,0.3,HST14113+5211,D
20.78536,20.77929,0.2,30,900.0,0.01,0.299,0.3,SDSS1004+4112,E
2.574121,2.982774,0.2,30,900.0,0.01,0.299,0.3,PMNJ0134-0931,A
3.201949,3.198778,0.2,30,1000.0,0.01,0.299,0.3,PSJ0949+4208,A
0.783066,0.7828243,0.2,30,1500.0,0.01,0.299,0.3,SDSSJ1406+6126,B
0.9054316,0.9051584,0.2,30,1000.0,0.01,0.299,0.3,SDSSJ0946+1835,B
0.5594433,0.559361,0.2,30,1100.0,0.01,0.299,0.3,Q2138-431,A
0.382587,0.3825471,0.2,30,900.0,0.01,0.299,0.3,SDSSJ1206+4332,A
0.8222471,0.8218628,0.2,30,1100.0,0.01,0.299,0.3,SDSSJ1258+1657,B
0.9910544,0.9908806,0.2,30,1200.0,0.01,0.299,0.3,J1602+4526,B
0.7567403,0.7563864,0.2,30,1300.0,0.01,0.299,0.3,QJ0158-4325,B
0.8464055,0.8461294,0.2,30,1100.0,0.01,0.299,0.3,DESJ0407-5006,B
0.5673402,0.922103,0.2,30,800.0,0.01,0.299,0.3,HE1113-0641,C
0.3030699,0.3030403,0.2,30,1400.0,0.01,0.299,0.3,J0407-1931,A
0.7094813,0.7092974,0.2,30,1100.0,0.01,0.299,0.3,J1518+4658,B
0.8085366,0.8083081,0.2,30,1100.0,0.01,0.299,0.3,SDSSJ0737+4825,B
3.006477,2.999194,0.2,30,1100.0,0.01,0.299,0.3,PMNJ1838-3427,B
0.7740837,0.773815,0.2,30,1000.0,0.01,0.299,0.3,J0146-1133,B
1.043391,1.011758,0.2,30,800.0,0.01,0.299,0.3,HST14176+5226,B
0.3136399,0.3135936,0.2,30,1100.0,0.01,0.299,0.3,HE2149-2745,A
0.5969754,0.5968609,0.2,30,1000.0,0.01,0.299,0.3,J1709+3828,A
0.3114874,0.3114452,0.2,30,1100.0,0.01,0.299,0.3,J2332-1852,A
0.2717779,0.2717198,0.2,30,1500.0,0.01,0.299,0.3,FBQ0951+2635,A
0.4858674,0.4159817,0.2,30,1200.0,0.01,0.299,0.3,SDSSJ1330+1810,B
0.9709841,0.9708331,0.2,30,1100.0,0.01,0.299,0.3,J1627-0224,B
0.4032149,0.4031384,0.2,30,1100.0,0.01,0.299,0.3,PMNJ2004-1349,A
0.3735677,0.3735186,0.2,30,1500.0,0.01,0.299,0.3,WG2100-4452,B
0.2531696,0.09401783,0.2,30,1100.0,0.01,0.299,0.3,HST14113+5211,C
0.761795,0.7615816,0.2,30,1200.0,0.01,0.299,0.3,SDSSJ1455+1447,B
0.3619385,0.3618927,0.2,30,1100.0,0.01,0.299,0.3,SDSSJ0737+4825,A
0.3868007,0.3867221,0.2,30,3800.0,0.01,0.299,0.3,Q2237+030,B
0.5588964,0.6280612,0.2,30,900.0,0.01,0.299,0.3,J1131-4419,A
0.3605371,0.3604881,0.2,30,900.0,0.01,0.299,0.3,SDSSJ0820+0812,A
0.6809591,1.190236,0.2,30,900.0,0.01,0.299,0.3,PMNJ0134-0931,B
0.4533116,0.4532286,0.2,30,1100.0,0.01,0.299,0.3,HE0230-2130,A
0.4101182,0.4100461,0.2,30,1400.0,0.01,0.299,0.3,SDSSJ1131+1915,A
0.9038237,0.9036421,0.2,30,1100.0,0.01,0.299,0.3,J1612+3920,B
0.383634,0.383619,0.2,30,900.0,0.01,0.299,0.3,GraLJ165105.3-041725,C
0.3124479,0.3124139,0.2,30,900.0,0.01,0.299,0.3,J1831+5447,A
0.8148139,0.8141818,0.2,30,1000.0,0.01,0.299,0.3,SDSSJ1334+3315,A
0.6425035,0.6424812,0.2,30,1200.0,0.01,0.299,0.3,SDSSJ1433+6007,D
0.3487315,0.3480705,0.2,30,1300.0,0.01,0.299,0.3,DESJ2038-4008,D
0.6270945,0.6269982,0.2,30,1200.0,0.01,0.299,0.3,SDSSJ1433+6007,A
0.7070092,0.7422928,0.2,30,900.0,0.01,0.299,0.3,BRI0952-0115,B
0.2234605,0.2234327,0.2,30,900.0,0.01,0.299,0.3,SDSSJ1515+1511,A
0.7191922,0.7191038,0.2,30,1100.0,0.01,0.299,0.3,HE0435-1223,D
1.161223,1.160865,0.2,30,1100.0,0.01,0.299,0.3,PMNJ2004-1349,B
0.3974787,0.3974427,0.2,30,1100.0,0.01,0.299,0.3,J1612+3920,A
0.4652405,0.5316747,0.2,30,1400.0,0.01,0.299,0.3,2M1310-1714,C
0.2923962,0.292358,0.2,30,1000.0,0.01,0.299,0.3,J0123-0455,A
0.3594753,0.3594061,0.2,30,1000.0,0.01,0.299,0.3,PSS2322+1944,A
0.4724611,0.4724103,0.2,30,1000.0,0.01,0.299,0.3,PSJ0147+4630,D
0.5561815,0.5294655,0.2,30,1300.0,0.01,0.299,0.3,DESJ0420-4037,D
0.4162925,0.4075084,0.2,30,1100.0,0.01,0.299,0.3,SDSSJ0248+1913,C
0.8660955,0.865801,0.2,30,1100.0,0.01,0.299,0.3,A2213-2652,B
0.5148092,0.5146143,0.2,30,1100.0,0.01,0.299,0.3,HS0810+2554,B
0.6110459,0.6105853,0.2,30,700.0,0.01,0.299,0.3,HE0512-3329,A
0.6103681,0.6100912,0.2,30,900.0,0.01,0.299,0.3,SDSS1226-0006,A
0.3366628,0.3365838,0.2,30,1200.0,0.01,0.299,0.3,SDSSJ1055+4628,A
0.5044918,0.5043485,0.2,30,1000.0,0.01,0.299,0.3,COSMOS5921+0638,D
0.2056594,0.3922244,0.2,30,1500.0,0.01,0.299,0.3,WG0214-2105,A
0.453666,0.4535659,0.2,30,1200.0,0.01,0.299,0.3,HE0047-1756,A
0.2735687,0.2735279,0.2,30,1000.0,0.01,0.299,0.3,PMNJ1632-0033,A
0.6407789,1.021392,0.2,30,1200.0,0.01,0.299,0.3,J1817+2729,B
0.4599237,0.4598618,0.2,30,1500.0,0.01,0.299,0.3,WG2100-4452,D
0.8474093,1.011516,0.2,30,1100.0,0.01,0.299,0.3,J2349-4518,B
0.7502748,0.742566,0.2,30,1200.0,0.01,0.299,0.3,SDSSJ1330+1810,A
0.5283465,0.5248942,0.2,30,1100.0,0.01,0.299,0.3,WFIJ2026-4536A,1
0.6060094,0.6058157,0.2,30,1300.0,0.01,0.299,0.3,SDSSJ1524+4409,A
0.7476635,0.7473742,0.2,30,1200.0,0.01,0.299,0.3,DES0247-6349,B
0.5764306,0.5761838,0.2,30,900.0,0.01,0.299,0.3,HS2209+1914,A
0.5573727,0.9292872,0.2,30,1500.0,0.01,0.299,0.3,WG0214-2105,B
0.3660507,0.3659969,0.2,30,1100.0,0.01,0.299,0.3,J1623+7533,A
0.4020803,0.3990492,0.2,30,1100.0,0.01,0.299,0.3,WFIJ2026-4536,B
1.030239,1.029791,0.2,30,900.0,0.01,0.299,0.3,SBS1520+530,B
0.384871,0.3847272,0.2,30,500.0,0.01,0.299,0.3,ATLASJ2344-3056,B
0.3517075,0.3516406,0.2,30,1000.0,0.01,0.299,0.3,SDSSJ0806+2006,A
0.381777,0.3817194,0.2,30,1100.0,0.01,0.299,0.3,HE0435-1223,A
0.5655854,0.565414,0.2,30,1100.0,0.01,0.299,0.3,SDSSJ2257+2349,A
0.8252618,0.8850381,0.2,30,900.0,0.01,0.299,0.3,WFI2033-4723,C
0.3212285,0.3211311,0.2,30,900.0,0.01,0.299,0.3,Q1017-207,A
0.7090339,0.5763374,0.2,30,900.0,0.01,0.299,0.3,RXJ0911+0551,A
0.4550968,0.4550517,0.2,30,1300.0,0.01,0.299,0.3,SDSS1011+0143,C
0.5557611,1.086938,0.2,30,900.0,0.01,0.299,0.3,PMNJ0134-0931,D
0.3835628,0.3905231,0.2,30,1000.0,0.01,0.299,0.3,J0053-2012,C
0.2884675,0.2884249,0.2,30,1100.0,0.01,0.299,0.3,J0124-0033,A
0.4157515,0.4156817,0.2,30,1100.0,0.01,0.299,0.3,HE0230-2130,C
0.284065,0.284038,0.2,30,900.0,0.01,0.299,0.3,HE1104-1805,B
0.2304823,0.2304605,0.2,30,1300.0,0.01,0.299,0.3,WGD2021-4115,A
0.5618688,0.6131027,0.2,30,800.0,0.01,0.299,0.3,WISEJ0259-1635,C
1.428348,1.427288,0.2,30,800.0,0.01,0.299,0.3,J1004+1229,B
0.2852839,0.2852324,0.2,30,1100.0,0.01,0.299,0.3,SDSSJ1258+1657,A
0.3198127,0.3197647,0.2,30,1000.0,0.01,0.299,0.3,J0047+2514,A
0.4938057,0.6917959,0.2,30,1000.0,0.01,0.299,0.3,J0053-2012,B
0.8372473,0.8368546,0.2,30,1200.0,0.01,0.299,0.3,B1600+434,A
0.61432,0.6142276,0.2,30,3800.0,0.01,0.299,0.3,Q2237+030,D
0.4083852,0.4083206,0.2,30,1200.0,0.01,0.299,0.3,SDSSJ1455+1447,A
2.899319,2.894746,0.2,30,1000.0,0.01,0.299,0.3,PMNJ1632-0033,B
0.3576222,0.2941988,0.2,30,1100.0,0.01,0.299,0.3,J0011-0845,A
0.4877166,0.4868833,0.2,30,1000.0,0.01,0.299,0.3,PSJ0630-1201,B
0.3852955,0.3851511,0.2,30,500.0,0.01,0.299,0.3,ATLASJ2344-3056,D
0.4798569,0.4797229,0.2,30,1200.0,0.01,0.299,0.3,B0712+472,A
0.4062199,0.5584075,0.2,30,600.0,0.01,0.299,0.3,B2045+265,C
0.4563402,0.4151616,0.2,30,1400.0,0.01,0.299,0.3,2M1310-1714,D
0.4902476,0.6702899,0.2,30,1000.0,0.01,0.299,0.3,PSJ0030-1525,D
0.4978912,0.4977671,0.2,30,1100.0,0.01,0.299,0.3,DESJ0115-5244,B
0.6094306,0.6247345,0.2,30,1100.0,0.01,0.299,0.3,SDSSJ0248+1913,D
0.3658208,0.3657408,0.2,30,400.0,0.01,0.299,0.3,WISE2329-1258,B
0.8852212,0.8848678,0.2,30,1000.0,0.01,0.299,0.3,J2124+1632,B
0.01229861,1.055243,0.2,30,800.0,0.01,0.299,0.3,J0818-2613,D
0.3166472,0.3226856,0.2,30,1200.0,0.01,0.299,0.3,J0343-2828,D
0.5671135,0.5670251,0.2,30,1100.0,0.01,0.299,0.3,SDSSJ1442+4055,B
0.5195881,0.6241921,0.2,30,1100.0,0.01,0.299,0.3,J2145+6345,D
0.6366553,1.082172,0.2,30,1200.0,0.01,0.299,0.3,J1817+2729,D
0.6733928,0.6731697,0.2,30,1100.0,0.01,0.299,0.3,J1515+3137,B
0.9064774,0.9061541,0.2,30,1100.0,0.01,0.299,0.3,J1553+3149,B
0.458641,0.4585489,0.2,30,1100.0,0.01,0.299,0.3,J1508+3844,B
0.4644159,0.4643823,0.2,30,1400.0,0.01,0.299,0.3,SDSSJ0819+5356,A
0.5728449,0.572652,0.2,30,900.0,0.01,0.299,0.3,DESJ2146-0047,B
0.4116514,0.4115746,0.2,30,1000.0,0.01,0.299,0.3,J1709+3828,B
0.8195295,0.8193852,0.2,30,1100.0,0.01,0.299,0.3,PSJ2305+3714,A
0.1763035,0.1762882,0.2,30,1200.0,0.01,0.299,0.3,HS0818+1227,A
0.7023845,0.7022118,0.2,30,1100.0,0.01,0.299,0.3,SDSSJ1537+3014,A
0.587695,0.6549894,0.2,30,1400.0,0.01,0.299,0.3,2M1310-1714,A
0.7222075,0.7221545,0.2,30,900.0,0.01,0.299,0.3,GraLJ165105.3-041725,D
0.3979217,0.3979056,0.2,30,900.0,0.01,0.299,0.3,GraLJ165105.3-041725,A
0.3748551,0.3763983,0.2,30,1300.0,0.01,0.299,0.3,DESJ2038-4008,B
0.2931583,0.293102,0.2,30,1200.0,0.01,0.299,0.3,B1600+434,B
0.430597,0.5239172,0.2,30,800.0,0.01,0.299,0.3,MG0414+0534A,1
1.284315,1.260809,0.2,30,800.0,0.01,0.299,0.3,HST14176+5226,D
0.953197,0.952782,0.2,30,1000.0,0.01,0.299,0.3,J0047+2514,B
0.5511221,0.2647985,0.2,30,900.0,0.01,0.299,0.3,RXJ0911+0551,B
0.8381144,0.8480374,0.2,30,1100.0,0.01,0.299,0.3,H1413+117,D
1.127509,1.12631,0.2,30,900.0,0.01,0.299,0.3,Q1017-207,B
0.5532086,0.548596,0.2,30,1000.0,0.01,0.299,0.3,PSJ0630-1201,A
0.7189385,0.7518099,0.2,30,800.0,0.01,0.299,0.3,MG0414+0534,C
0.09584569,0.5429981,0.2,30,1200.0,0.01,0.299,0.3,J1817+2729,A
0.5068357,0.5066648,0.2,30,1200.0,0.01,0.299,0.3,SDSSJ1021+4913,A
0.4213083,0.4211767,0.2,30,1100.0,0.01,0.299,0.3,SDSSJ0746+4403,A
0.310928,0.3108716,0.2,30,1300.0,0.01,0.299,0.3,SDSSJ1524+4409,B
0.9038584,0.9035463,0.2,30,1000.0,0.01,0.299,0.3,B1152+200,B
0.4745604,0.4452299,0.2,30,900.0,0.01,0.299,0.3,J0659+1629,D
0.5285249,0.5243503,0.2,30,1100.0,0.01,0.299,0.3,WFIJ2026-4536,C
0.6677669,0.6703332,0.2,30,1100.0,0.01,0.299,0.3,SDSSJ0248+1913,B
0.5579878,0.5576375,0.2,30,1100.0,0.01,0.299,0.3,B1127+385,A
1.272109,1.271715,0.2,30,900.0,0.01,0.299,0.3,ULASJ1405+0959,B
0.457797,0.4576204,0.2,30,1100.0,0.01,0.299,0.3,HS0810+2554,C
0.8662231,0.8660521,0.2,30,1100.0,0.01,0.299,0.3,SDSSJ1458-0202,B
0.4044259,0.291114,0.2,30,1400.0,0.01,0.299,0.3,PG1115+080,C
0.5748242,0.5747992,0.2,30,700.0,0.01,0.299,0.3,SDSSJ1320+1644,B
0.3946153,0.3945671,0.2,30,1100.0,0.01,0.299,0.3,PSJ2305+3714,B
0.3423332,0.1866451,0.2,30,900.0,0.01,0.299,0.3,WFI2033-4723,B
0.4620828,0.4620239,0.2,30,1100.0,0.01,0.299,0.3,SDSSJ1442+4055,A
0.5164179,0.5158376,0.2,30,1100.0,0.01,0.299,0.3,HE0013-2542,B
0.2733876,0.2733829,0.2,30,900.0,0.01,0.299,0.3,SDSS1004+4112,C
1.270619,1.2703,0.2,30,900.0,0.01,0.299,0.3,J0028+0631,B
0.3497258,0.3496699,0.2,30,1100.0,0.01,0.299,0.3,J1553+3149,A
0.9226631,0.9225433,0.2,30,800.0,0.01,0.299,0.3,B2108+213,B
0.6721923,0.2667428,0.2,30,1100.0,0.01,0.299,0.3,J2205-3727,C
0.4984893,0.8140723,0.2,30,800.0,0.01,0.299,0.3,HE1113-0641,D
0.6754107,0.6751861,0.2,30,1200.0,0.01,0.299,0.3,SDSSJ0114+0722,A
0.4365825,0.4364887,0.2,30,1100.0,0.01,0.299,0.3,J1616+1415,A
1.084711,1.084278,0.2,30,800.0,0.01,0.299,0.3,PKS1830-211,B
0.2746455,0.2746273,0.2,30,1100.0,0.01,0.299,0.3,J1627-0224,A
0.3527466,0.3200409,0.2,30,1100.0,0.01,0.299,0.3,H1413+117,B
0.4937573,0.4936154,0.2,30,1200.0,0.01,0.299,0.3,B0712+472,B
0.4502521,0.4917925,0.2,30,900.0,0.01,0.299,0.3,J1131-4419,D
0.02774424,0.2763891,0.2,30,900.0,0.01,0.299,0.3,HST12531-2914,A
0.293874,0.2938208,0.2,30,1600.0,0.01,0.299,0.3,SDSSJ1353+1138,A
0.4047195,0.4046864,0.2,30,1000.0,0.01,0.299,0.3,B1030+074,A
0.3720405,0.4344055,0.2,30,1100.0,0.01,0.299,0.3,DESJ0405-3308,A
0.715203,0.7151099,0.2,30,1500.0,0.01,0.299,0.3,WG2100-4452,A
0.3145603,0.3145088,0.2,30,800.0,0.01,0.299,0.3,LBQS1009-0252,A
0.732997,0.372654,0.2,30,900.0,0.01,0.299,0.3,SDSSJ1251+2935,D
0.5845213,0.5842997,0.2,30,1100.0,0.01,0.299,0.3,J1640+1045,A
0.6580377,0.2844417,0.2,30,900.0,0.01,0.299,0.3,SDSSJ1251+2935,C
0.854947,0.8545883,0.2,30,1700.0,0.01,0.299,0.3,SDSSJ0904+1512,B
0.384652,0.384631,0.2,30,800.0,0.01,0.299,0.3,B2108+213,A
0.3295142,0.3294846,0.2,30,1100.0,0.01,0.299,0.3,Q0142-100,B
1.651759,1.650586,0.2,30,1100.0,0.01,0.299,0.3,SDSSJ1349+1227,B
0.3360919,0.3360335,0.2,30,1100.0,0.01,0.299,0.3,SDSSJ1339+1310,A
0.4972464,0.4971071,0.2,30,1000.0,0.01,0.299,0.3,COSMOS5921+0638,B
0.312085,1.330702,0.2,30,1000.0,0.01,0.299,0.3,J1537-3010,B
0.2940343,0.294,0.2,30,1100.0,0.01,0.299,0.3,SDSSJ1537+3014,B
0.5026316,0.2171401,0.2,30,900.0,0.01,0.299,0.3,SDSSJ1251+2935,A
4.747221,4.100745,0.2,30,1200.0,0.01,0.299,0.3,J0343-2828,A
0.4818124,0.3338907,0.2,30,1100.0,0.01,0.299,0.3,B0128+437,A
0.3369238,0.3502013,0.2,30,1100.0,0.01,0.299,0.3,H1413+117,C
1.251925,1.251379,0.2,30,900.0,0.01,0.299,0.3,J1831+5447,B
0.9891006,0.988742,0.2,30,700.0,0.01,0.299,0.3,SDSSJ0832+0404,B
0.05431687,1.961994,0.2,30,800.0,0.01,0.299,0.3,J0818-2613,B
0.5747437,0.5746783,0.2,30,1000.0,0.01,0.299,0.3,DESJ0408-5354,D
0.2306551,0.5653616,0.2,30,800.0,0.01,0.299,0.3,HE1113-0641,B
1.025297,1.024871,0.2,30,1200.0,0.01,0.299,0.3,LBQS1333+0113,B
0.5023415,0.5022152,0.2,30,1100.0,0.01,0.299,0.3,DESJ0115-5244,A
0.8787231,0.8783079,0.2,30,900.0,0.01,0.299,0.3,SDSSJ1515+1511,B
0.1728648,0.1728446,0.2,30,1100.0,0.01,0.299,0.3,J1640+1045,B
0.09197343,0.3454517,0.2,30,1000.0,0.01,0.299,0.3,J1537-3010,C
0.432855,0.432718,0.2,30,1100.0,0.01,0.299,0.3,SDSS0246-0825,B
0.2524301,0.2523902,0.2,30,1000.0,0.01,0.299,0.3,J0146-1133,A
0.4193255,0.4192581,0.2,30,1100.0,0.01,0.299,0.3,J2132+2603,A
0.2647809,0.2647377,0.2,30,1200.0,0.01,0.299,0.3,SDSSJ0114+0722,B
0.9898632,0.04422197,0.2,30,800.0,0.01,0.299,0.3,J0029-3814,B
0.5845158,0.5843165,0.2,30,1500.0,0.01,0.299,0.3,J0140-1152,A
0.3905917,0.3905471,0.2,30,1100.0,0.01,0.299,0.3,J0203+1612,A
0.3140017,0.3139394,0.2,30,1100.0,0.01,0.299,0.3,Q1355-2257,A
0.3646515,0.4145793,0.2,30,1200.0,0.01,0.299,0.3,B1422+231,C
0.964218,0.9638964,0.2,30,1300.0,0.01,0.299,0.3,WGD2021-4115,B
0.4200565,0.3753846,0.2,30,800.0,0.01,0.299,0.3,WISEJ0259-1635,B
1.513603,1.51311,0.2,30,1100.0,0.01,0.299,0.3,J0102+2445,B
0.585101,0.5850151,0.2,30,1200.0,0.01,0.299,0.3,VDESJ2325-5229,A
0.1931889,0.4531876,0.2,30,1000.0,0.01,0.299,0.3,PSJ0030-1525,A
0.6540582,0.6538772,0.2,30,500.0,0.01,0.299,0.3,ATLASJ2344-3056,A
0.5271079,0.5269297,0.2,30,1100.0,0.01,0.299,0.3,SDSS0246-0825,A
0.3680929,0.3680172,0.2,30,1100.0,0.01,0.299,0.3,SDSSJ1650+4251,B
0.163949,0.1639288,0.2,30,1000.0,0.01,0.299,0.3,SDSSJ0256+0153,B
0.3680725,0.3680445,0.2,30,1000.0,0.01,0.299,0.3,RXJ1131-1231,B
0.5540914,0.5539674,0.2,30,1100.0,0.01,0.299,0.3,HE0230-2130,B
0.8594603,0.8592144,0.2,30,1200.0,0.01,0.299,0.3,DES2158-5812,B
0.5530223,0.552805,0.2,30,1100.0,0.01,0.299,0.3,HS0810+2554,D
0.6771553,0.6770839,0.2,30,1400.0,0.01,0.299,0.3,SDSSJ0819+5356,B
0.3229929,0.3229198,0.2,30,1800.0,0.01,0.299,0.3,SDSS1332+0347,B
0.3035699,0.06854824,0.2,30,1100.0,0.01,0.299,0.3,2M1134-2103,C
0.4691326,0.4690523,0.2,30,1100.0,0.01,0.299,0.3,HST01247+0352,A
0.4809789,0.4809331,0.2,30,1000.0,0.01,0.299,0.3,DESJ0408-5354,C
1.025277,0.7366203,0.2,30,1100.0,0.01,0.299,0.3,PSJ1606-2333,D
0.09941629,0.3897632,0.2,30,1000.0,0.01,0.299,0.3,J1537-3010,A
0.3108819,0.5630848,0.2,30,1100.0,0.01,0.299,0.3,DESJ0530-3730,D
0.9353411,0.009723709,0.2,30,800.0,0.01,0.299,0.3,J0029-3814,A
0.3906247,0.3905637,0.2,30,1100.0,0.01,0.299,0.3,DESJ0407-5006,A
0.3626902,0.3626178,0.2,30,1200.0,0.01,0.299,0.3,DES0247-6349,A
0.4764163,0.4763382,0.2,30,1100.0,0.01,0.299,0.3,HST14164+5215,A
0.5702076,0.5700269,0.2,30,1000.0,0.01,0.299,0.3,SDSSJ1452+4224,A
0.8372113,0.8363862,0.2,30,1300.0,0.01,0.299,0.3,DESJ2038-4008,A
0.3028098,0.3027595,0.2,30,1000.0,0.01,0.299,0.3,J1653+5155,A
0.587464,0.2327974,0.2,30,1100.0,0.01,0.299,0.3,J2205-3727,A
0.9322336,0.1259106,0.2,30,1200.0,0.01,0.299,0.3,SDSSJ1138+0314,B
0.3673416,0.3672885,0.2,30,1500.0,0.01,0.299,0.3,SDSSJ1406+6126,A
0.6936708,0.693498,0.2,30,1100.0,0.01,0.299,0.3,SDSSJ1339+1310,B
1.180346,0.849678,0.2,30,1100.0,0.01,0.299,0.3,PSJ1606-2333,B
0.4241795,0.4239575,0.2,30,700.0,0.01,0.299,0.3,HE0512-3329,B
0.3764274,0.3734688,0.2,30,1100.0,0.01,0.299,0.3,SDSSJ0248+1913,A
0.3990809,0.3990267,0.2,30,1200.0,0.01,0.299,0.3,DES2158-5812,A
0.4990953,0.4989023,0.2,30,1200.0,0.01,0.299,0.3,CY2201-3201,A
0.4201898,0.4201313,0.2,30,1000.0,0.01,0.299,0.3,SDSSJ1254+1857,B
0.7613553,0.7609996,0.2,30,1300.0,0.01,0.299,0.3,SDSSJ0821+4542,A
0.4049695,0.4404371,0.2,30,900.0,0.01,0.299,0.3,WFI2033-4723A,1
1.327141,1.32671,0.2,30,1100.0,0.01,0.299,0.3,J0600-4649,B
1.020162,1.201019,0.2,30,600.0,0.01,0.299,0.3,B2045+265,D
0.6388361,0.63869,0.2,30,1100.0,0.01,0.299,0.3,J1238+2846,B
0.6218646,0.6217812,0.2,30,900.0,0.01,0.299,0.3,SDSSJ1206+4332,B
0.8824729,0.08460013,0.2,30,1200.0,0.01,0.299,0.3,SDSSJ1138+0314,A
1.100824,1.100438,0.2,30,1400.0,0.01,0.299,0.3,J0407-1931,B
0.5133609,0.5095062,0.2,30,1000.0,0.01,0.299,0.3,PSJ0630-1201,C
1.366368,1.593567,0.2,30,1000.0,0.01,0.299,0.3,J0053-2012,D
0.02794794,0.4230482,0.2,30,900.0,0.01,0.299,0.3,HST12531-2914,B
0.3849921,0.1939952,0.2,30,1100.0,0.01,0.299,0.3,PSJ1606-2333,A
0.4133584,0.4132236,0.2,30,900.0,0.01,0.299,0.3,HS2209+1914,B
0.3576287,0.3575776,0.2,30,1000.0,0.01,0.299,0.3,SDSSJ1322+1052,A
0.4957996,0.4956612,0.2,30,1000.0,0.01,0.299,0.3,COSMOS5921+0638,C
0.3522223,0.352123,0.2,30,1100.0,0.01,0.299,0.3,J0246-1845,A
0.9436545,0.9433738,0.2,30,1000.0,0.01,0.299,0.3,J0259-2338,B
0.6873877,0.6871879,0.2,30,500.0,0.01,0.299,0.3,ATLASJ2344-3056,C
0.4115172,0.4114434,0.2,30,900.0,0.01,0.299,0.3,SDSSJ1400+3134,A
0.6666261,0.6664088,0.2,30,1300.0,0.01,0.299,0.3,DESJ2038-4008,C
0.8710886,0.8709415,0.2,30,1300.0,0.01,0.299,0.3,Q0957+561,B
0.5812126,0.58111,0.2,30,1100.0,0.01,0.299,0.3,SDSSJ0921+2854,A
0.4721102,0.4720145,0.2,30,800.0,0.01,0.299,0.3,PKS1830-211,A
0.2532968,0.5178132,0.2,30,1500.0,0.01,0.299,0.3,WG0214-2105,C
0.8704485,0.08174825,0.2,30,1200.0,0.01,0.299,0.3,SDSSJ1138+0314,C
0.3491703,0.3055457,0.2,30,800.0,0.01,0.299,0.3,OGLEJ0218-7335,A
0.5335701,0.5335082,0.2,30,1300.0,0.01,0.299,0.3,SDSS1011+0143,D
0.3914829,0.391457,0.2,30,1000.0,0.01,0.299,0.3,RXJ1131-1231,C
0.3271023,0.3270552,0.2,30,1100.0,0.01,0.299,0.3,SDSSJ0921+2854,B
0.7263756,0.7397729,0.2,30,1100.0,0.01,0.299,0.3,J0011-0845,B
0.3330334,0.3329784,0.2,30,1000.0,0.01,0.299,0.3,B1152+200,A
0.5298456,0.5297454,0.2,30,1100.0,0.01,0.299,0.3,HST01247+0352,B
0.1586132,0.1586008,0.2,30,1000.0,0.01,0.299,0.3,J2124+1632,A
1.167997,1.167588,0.2,30,1000.0,0.01,0.299,0.3,RXJ1131-1231,E
0.2137253,0.2136964,0.2,30,1300.0,0.01,0.299,0.3,SDSSJ0821+4542,B
0.398508,0.3984273,0.2,30,1100.0,0.01,0.299,0.3,J1515+3137,A
0.01185006,0.9138391,0.2,30,800.0,0.01,0.299,0.3,J0818-2613,C
0.2928623,0.2928165,0.2,30,900.0,0.01,0.299,0.3,SBS1520+530,A
0.7312697,0.3745323,0.2,30,900.0,0.01,0.299,0.3,SDSSJ1251+2935,B
0.6322649,0.6321036,0.2,30,1100.0,0.01,0.299,0.3,HE0230-2130,D
0.3437225,0.3436561,0.2,30,1100.0,0.01,0.299,0.3,SDSSJ2257+2349,B
0.3176426,0.1410848,0.2,30,1100.0,0.01,0.299,0.3,2M1134-2103,A
0.3697349,0.2841881,0.2,30,1100.0,0.01,0.299,0.3,J2145+6345,A
0.558521,0.5583394,0.2,30,1200.0,0.01,0.299,0.3,B0712+472,D
0.5706447,0.5705706,0.2,30,1000.0,0.01,0.299,0.3,PSJ0147+4630,A
0.783714,0.7834884,0.2,30,900.0,0.01,0.299,0.3,SDSSJ0820+0812,B
1.221646,1.221008,0.2,30,1100.0,0.01,0.299,0.3,WGD0245-0556,B
0.5114501,0.5545455,0.2,30,900.0,0.01,0.299,0.3,J1131-4419,C
0.9908553,0.9906382,0.2,30,1000.0,0.01,0.299,0.3,SDSSJ0256+0153,A
0.3144002,0.314358,0.2,30,1100.0,0.01,0.299,0.3,WGD0245-0556,A
0.2345627,0.2345461,0.2,30,1100.0,0.01,0.299,0.3,J0501-4118,A
0.8212788,0.8209179,0.2,30,1000.0,0.01,0.299,0.3,PSS2322+1944,B
0.9034211,0.9030649,0.2,30,1000.0,0.01,0.299,0.3,J0123-0455,B
1.676994,1.676307,0.2,30,1100.0,0.01,0.299,0.3,Q0142-100,A
0.3532898,0.3532418,0.2,30,1700.0,0.01,0.299,0.3,DES01xx-24xx,A
0.226884,0.08944897,0.2,30,900.0,0.01,0.299,0.3,RXJ0911+0551,D
0.4205832,0.4205347,0.2,30,1100.0,0.01,0.299,0.3,SDSSJ1458-0202,A
0.8862643,0.8859388,0.2,30,1400.0,0.01,0.299,0.3,SDSSJ1131+1915,B
0.4217862,0.4261441,0.2,30,1100.0,0.01,0.299,0.3,J2145+6345,C
0.2981668,0.2980375,0.2,30,1100.0,0.01,0.299,0.3,B1127+385,B
0.6356257,0.6354592,0.2,30,2300.0,0.01,0.299,0.3,DES03xx-44xx,A
0.8155109,0.8153641,0.2,30,1100.0,0.01,0.299,0.3,J1524+4801,B
0.3605374,0.3605053,0.2,30,1100.0,0.01,0.299,0.3,J0600-4649,A
0.8618446,0.8615748,0.2,30,1100.0,0.01,0.299,0.3,KIDS2307-3039,B
0.2848105,0.2887453,0.2,30,800.0,0.01,0.299,0.3,HST14176+5226,C
0.5442074,0.5441062,0.2,30,1100.0,0.01,0.299,0.3,HST14164+5215,B
0.4080612,0.4080157,0.2,30,1100.0,0.01,0.299,0.3,J0013+5119,A
0.3272545,0.3272252,0.2,30,1200.0,0.01,0.299,0.3,SDSSJ1433+6007,B
1.10783,1.106969,0.2,30,1800.0,0.01,0.299,0.3,SDSS1332+0347,A
0.5813276,0.5149494,0.2,30,1200.0,0.01,0.299,0.3,SDSSJ1330+1810,C
0.837493,0.8370907,0.2,30,400.0,0.01,0.299,0.3,WISE2329-1258,A
0.4109473,0.4108448,0.2,30,1100.0,0.01,0.299,0.3,PSJ0140+4107,B
0.332455,0.5339997,0.2,30,1000.0,0.01,0.299,0.3,PSJ0030-1525,C
0.9104206,0.1220941,0.2,30,1200.0,0.01,0.299,0.3,SDSSJ1138+0314,D
0.4437083,0.4435925,0.2,30,900.0,0.01,0.299,0.3,DESJ2146-0047,A
0.8846075,1.189685,0.2,30,1100.0,0.01,0.299,0.3,2M1134-2103,D
0.513931,0.5138709,0.2,30,1000.0,0.01,0.299,0.3,PSJ0147+4630,C
1.415166,1.4137,0.2,30,1300.0,0.01,0.299,0.3,SDSSJ0743+2457,B
0.7416951,0.3501021,0.2,30,1100.0,0.01,0.299,0.3,J2205-3727,D
0.3079407,0.3079345,0.2,30,900.0,0.01,0.299,0.3,SDSS1004+4112,B
0.3836161,0.4806877,0.2,30,1200.0,0.01,0.299,0.3,B1422+231,A
0.08780984,0.07339115,0.2,30,800.0,0.01,0.299,0.3,J0818-2613,A
0.4965724,0.4963767,0.2,30,1100.0,0.01,0.299,0.3,HS0810+2554,A
0.2874509,0.2874242,0.2,30,1200.0,0.01,0.299,0.3,J1602+4526,A
0.8402696,0.8401878,0.2,30,1100.0,0.01,0.299,0.3,J0501-4118,B
0.4716639,0.4589685,0.2,30,1300.0,0.01,0.299,0.3,DESJ0420-4037,C
0.9474667,0.9471886,0.2,30,1000.0,0.01,0.299,0.3,J1653+5155,B
1.151179,1.150378,0.2,30,1100.0,0.01,0.299,0.3,Q1355-2257,B
0.238326,0.2383105,0.2,30,1100.0,0.01,0.299,0.3,Q2138-431,B
0.8798947,0.8797496,0.2,30,1100.0,0.01,0.299,0.3,SDSS0903+5028,B
0.4047862,0.411133,0.2,30,1300.0,0.01,0.299,0.3,DESJ0420-4037,A
1.061551,1.060958,0.2,30,1100.0,0.01,0.299,0.3,SDSSJ1216+3529,B
0.3684992,0.3684541,0.2,30,1100.0,0.01,0.299,0.3,J1524+4801,A
0.6386342,0.6383865,0.2,30,1100.0,0.01,0.299,0.3,PSJ0140+4107,A
1.219012,1.218239,0.2,30,800.0,0.01,0.299,0.3,LBQS1009-0252,B
1.334184,1.333715,0.2,30,1100.0,0.01,0.299,0.3,SDSSJ1620+1203,B
0.3140236,0.3103069,0.2,30,1000.0,0.01,0.299,0.3,J0053-2012,A
0.4545553,0.467133,0.2,30,1200.0,0.01,0.299,0.3,SDSS0924+0219,A
0.626661,0.6450379,0.2,30,700.0,0.01,0.299,0.3,SBS0909+523,A
0.3125319,0.3124899,0.2,30,1100.0,0.01,0.299,0.3,J2250+2117,A
0.5996055,0.5994873,0.2,30,1000.0,0.01,0.299,0.3,SDSSJ1254+1857,A
0.3031095,0.3030494,0.2,30,1800.0,0.01,0.299,0.3,SDSSJ1313+5151,A
0.4740624,0.4739316,0.2,30,1200.0,0.01,0.299,0.3,B0712+472,C
0.5171583,0.7214824,0.2,30,1100.0,0.01,0.299,0.3,B0128+437,D
0.1988804,0.4564947,0.2,30,1100.0,0.01,0.299,0.3,SDSSJ1330+3800,B
0.9814276,0.9810678,0.2,30,1700.0,0.01,0.299,0.3,DES01xx-24xx,B
0.4515321,0.4515258,0.2,30,900.0,0.01,0.299,0.3,SDSS1004+4112,A
0.3176121,0.303646,0.2,30,1100.0,0.01,0.299,0.3,B0128+437,C
0.3219986,0.3219205,0.2,30,900.0,0.01,0.299,0.3,SDSS1226-0006,B
0.7198755,0.7197493,0.2,30,3800.0,0.01,0.299,0.3,Q2237+030,C
0.7241899,0.7287073,0.2,30,1100.0,0.01,0.299,0.3,H1413+117,A
0.5085005,1.51837,0.2,30,900.0,0.01,0.299,0.3,HST12531-2914,C
0.4401665,0.4400733,0.2,30,1100.0,0.01,0.299,0.3,J1518+4658,A
0.8310594,0.8307832,0.2,30,1000.0,0.01,0.299,0.3,SDSSJ1322+1052,B
0.1686509,0.1686386,0.2,30,1100.0,0.01,0.299,0.3,SDSSJ1349+1227,A
0.6326323,0.632446,0.2,30,1200.0,0.01,0.299,0.3,HE0047-1756,B
0.378466,0.3783762,0.2,30,1300.0,0.01,0.299,0.3,QJ0158-4325,A
0.6092504,0.5973165,0.2,30,1200.0,0.01,0.299,0.3,SDSS0924+0219,C
0.597883,0.5977115,0.2,30,1100.0,0.01,0.299,0.3,J1616+1415,B
0.5419347,0.5418714,0.2,30,1500.0,0.01,0.299,0.3,WG2100-4452,C
0.4507478,0.4438644,0.2,30,1200.0,0.01,0.299,0.3,SDSS0924+0219,B
0.403988,0.469925,0.2,30,1100.0,0.01,0.299,0.3,SDSSJ1412+5204,A
0.3044684,0.3044245,0.2,30,1000.0,0.01,0.299,0.3,WGA0235-2433,B
0.3166582,1.334997,0.2,30,1000.0,0.01,0.299,0.3,J1537-3010,D
0.3996343,0.3995518,0.2,30,3800.0,0.01,0.299,0.3,Q2237+030,A
0.8395227,0.8394413,0.2,30,1300.0,0.01,0.299,0.3,J0941+0518,B
0.8992362,0.8992216,0.2,30,900.0,0.01,0.299,0.3,SDSS1004+4112,D
0.4697932,0.4864358,0.2,30,1200.0,0.01,0.299,0.3,SDSS0924+0219,D
0.7835752,0.7833644,0.2,30,1100.0,0.01,0.299,0.3,J1710+4332,B
0.6393975,0.6392083,0.2,30,1300.0,0.01,0.299,0.3,SDSSJ1254+2235,B
0.3675594,0.3675314,0.2,30,900.0,0.01,0.299,0.3,J0028+0631,A
0.330883,0.3308283,0.2,30,1000.0,0.01,0.299,0.3,PSJ0417+3325,B
0.6230325,0.6228394,0.2,30,1100.0,0.01,0.299,0.3,J0124-0033,B
0.3825943,0.9171431,0.2,30,1100.0,0.01,0.299,0.3,SDSSJ1330+3800,A
0.1518373,0.1518315,0.2,30,1300.0,0.01,0.299,0.3,Q0957+561,A
0.2865558,0.2865082,0.2,30,1100.0,0.01,0.299,0.3,SDSSJ1216+3529,A
1.136688,1.136404,0.2,30,1100.0,0.01,0.299,0.3,J0150-4041,B
0.2712597,0.2712369,0.2,30,1000.0,0.01,0.299,0.3,PSJ0949+4208,B
0.2801556,0.2801233,0.2,30,1700.0,0.01,0.299,0.3,SDSSJ1155+6346,A
0.3430855,0.3430339,0.2,30,1200.0,0.01,0.299,0.3,LBQS1333+0113,A
0.3898847,0.3897946,0.2,30,1500.0,0.01,0.299,0.3,J0140-1152,B
0.8681006,0.8679961,0.2,30,1000.0,0.01,0.299,0.3,RXJ1131-1231,D
0.7350906,0.562378,0.2,30,1100.0,0.01,0.299,0.3,B0128+437,B
0.9532993,1.329196,0.2,30,1100.0,0.01,0.299,0.3,HST14113+5211,B
0.4471566,0.2256429,0.2,30,1100.0,0.01,0.299,0.3,PSJ1606-2333,C
0.5622218,0.581971,0.2,30,1300.0,0.01,0.299,0.3,DESJ0420-4037,B
0.4756056,0.470667,0.2,30,1000.0,0.01,0.299,0.3,PSJ0630-1201,D
0.2008772,0.462835,0.2,30,1100.0,0.01,0.299,0.3,DESJ0530-3730,B
0.5011423,0.5010926,0.2,30,1000.0,0.01,0.299,0.3,DESJ0408-5354,B
0.3037061,0.3036386,0.2,30,1300.0,0.01,0.299,0.3,SDSSJ0743+2457,A
0.3162749,0.3161249,0.2,30,1100.0,0.01,0.299,0.3,B0739+366,A
0.3495842,0.3495137,0.2,30,1000.0,0.01,0.299,0.3,SDSSJ1452+4224,B
0.4576661,0.4576373,0.2,30,1000.0,0.01,0.299,0.3,RXJ1131-1231,A
0.4365871,0.336268,0.2,30,800.0,0.01,0.299,0.3,MG0414+0534,B
0.3441106,0.1942705,0.2,30,700.0,0.01,0.299,0.3,SBS0909+523,B
0.668524,0.4582714,0.2,30,1400.0,0.01,0.299,0.3,PG1115+080A,2
0.5529135,0.3422585,0.2,30,1400.0,0.01,0.299,0.3,PG1115+080A,1
0.3385686,0.3385054,0.2,30,1100.0,0.01,0.299,0.3,J0228+3953,A
1.999916,1.999716,0.2,30,1200.0,0.01,0.299,0.3,HS0818+1227,B
0.2422699,0.2422417,0.2,30,900.0,0.01,0.299,0.3,ULASJ1405+0959,A
